{"Ant-v4": {"expert_performance": 4713.6533203125, "iterations": [[0, 4516.4228515625, 150.0775146484375], [1, 4418.28271484375, 433.9601745605469], [2, 4684.08154296875, 71.18468475341797], [3, 4729.1484375, 74.16291046142578], [4, 4774.9833984375, 117.20075225830078], [5, 4632.3671875, 78.27113342285156], [6, 4646.7158203125, 84.85404205322266], [7, 4741.4794921875, 90.81151580810547], [8, 4842.73193359375, 97.67805480957031], [9, 4712.9140625, 103.71878051757812]]}, "Hopper-v4": {"expert_performance": 3772.67041015625, "iterations": [[0, 874.0181884765625, 152.9849090576172], [1, 1032.782958984375, 67.0096664428711], [2, 3699.731689453125, 39.938011169433594], [3, 3212.072509765625, 453.33026123046875], [4, 3479.361328125, 83.90570831298828], [5, 3723.03759765625, 1.201684594154358], [6, 3717.07861328125, 10.85417652130127], [7, 3712.45751953125, 8.44043254852295], [8, 3711.99755859375, 4.119003772735596], [9, 3705.96337890625, 1.2620919942855835]]}}